Rk,Player,Tm,Pos,G,TAR,REC,YDS,TD,EZ,EZTD,RT,YPRR,CBL,CBL%,CTT,CTC,CTC%,CTT%,CRC,DR,DR%,SUC%,TGH%,SSEP%,OSEP%,WOP%,CLS%,MAN%,ZONE%,EPA,EPA/TGT,DYAR,DVOA
,Nico Collins,HST,WR,2,18,14,252,1,0,0,67,3.761,14,100,3,3,100,16.667,3,0,0,66.667,33.333,16.667,22.222,5.556,16.667,35.821,64.179,17.885,0.994,89.657,53.19
,Chris Godwin,TB,WR,2,16,15,200,2,0,0,48,4.167,15,100,0,0,0,0,2,0,0,81.25,6.25,18.75,50,18.75,6.25,62.5,37.5,19.302,1.206,103.95,72.64
,Jameson Williams,DET,WR,2,20,10,200,1,3,0,77,2.597,12,83.333,2,0,0,10,0,1,8.333,35,40,10,20,15,15,28.571,71.429,1.09,0.055,8.962,"'-7.15"
,Malik Nabers,NYG,WR,2,25,15,193,1,3,1,73,2.644,19,78.947,2,1,50,8,0,3,15.789,48,24,12,36,4,24,32.877,67.123,12.847,0.514,26.48,1.23
,Justin Jefferson,MIN,WR,2,13,8,192,2,1,1,46,4.174,9,88.889,3,1,33.333,23.077,0,1,11.111,46.154,30.769,15.385,23.077,7.692,23.077,30.435,69.565,12.689,0.976,42.884,29.61
,Alec Pierce,IND,WR,2,10,8,181,2,1,1,49,3.694,8,100,1,1,100,10,1,0,0,80,20,40,30,10,0,32.653,67.347,9.883,0.988,88.085,101.82
,Rashee Rice,KC,WR,2,15,12,178,1,0,0,47,3.787,13,92.308,1,0,0,6.667,0,0,0,60,13.333,20,53.333,13.333,0,40.426,59.574,8.039,0.536,61.772,41.45
,Rashid Shaheed,NO,WR,2,9,7,169,2,0,0,35,4.829,7,100,0,0,0,0,0,0,0,55.556,22.222,22.222,33.333,11.111,11.111,54.286,42.857,11.301,1.256,65.8,82.46
,Davante Adams,LV,WR,2,18,14,169,1,3,1,78,2.167,15,93.333,5,3,60,27.778,1,1,6.667,66.667,44.444,0,33.333,11.111,11.111,32.051,66.667,9.728,0.54,43.746,17.73
,Deebo Samuel,SF,WR,2,19,13,164,0,1,0,63,2.603,14,92.857,2,1,50,10.526,0,0,0,47.368,31.579,15.789,31.579,0,21.053,33.333,66.667,2.656,0.14,23.942,3.42
,DeVonta Smith,PHI,WR,2,18,14,160,1,2,1,66,2.424,15,93.333,4,2,50,22.222,1,0,0,66.667,22.222,27.778,33.333,11.111,5.556,57.576,42.424,10.208,0.567,61.116,32.14
,D.K. Metcalf,SEA,WR,2,18,13,158,1,0,0,69,2.29,16,81.25,1,0,0,5.556,0,2,12.5,55.556,16.667,11.111,38.889,5.556,22.222,49.275,50.725,6.592,0.366,22.26,3.87
,Brock Bowers,LV,TE,2,17,15,156,0,0,0,59,2.644,15,100,1,1,100,5.882,0,0,0,64.706,23.529,5.882,41.176,11.765,17.647,38.983,59.322,10.969,0.645,43.325,29.81
,Tyreek Hill,MIA,WR,2,18,10,154,1,0,0,58,2.655,10,100,1,1,100,5.556,0,0,0,38.889,16.667,5.556,44.444,11.111,16.667,48.276,51.724,2.73,0.152,10.684,"'-4.52"
,CeeDee Lamb,DAL,WR,2,17,9,151,1,2,0,64,2.359,9,100,6,2,33.333,35.294,1,0,0,29.412,58.824,5.882,23.529,0,11.765,48.438,50,"'-0.725","'-0.043",2.854,"'-10.48"
,Jaylen Waddle,MIA,WR,2,9,9,150,0,0,0,54,2.778,9,100,0,0,0,0,0,0,0,66.667,11.111,22.222,33.333,22.222,11.111,53.704,46.296,11.589,1.288,56.608,63.82
,Garrett Wilson,NYJ,WR,3,26,15,150,1,1,1,71,2.419,12,83.333,4,3,75,23.529,1,0,0,58.824,52.941,0,29.412,11.765,5.882,48.387,51.613,3.352,0.197,6.526,"'-8.12"
,Allen Lazard,NYJ,WR,3,16,11,148,3,1,1,58,2.691,10,80,4,4,100,30.769,1,2,20,61.538,38.462,30.769,15.385,0,15.385,45.455,54.545,7.139,0.549,39.746,21.54
,Jayden Reed,GB,WR,2,8,6,147,1,0,0,37,3.973,6,100,0,0,0,0,0,0,0,50,0,12.5,25,25,37.5,56.757,43.243,6.805,0.851,47.324,82.39
,Cooper Kupp,LA,WR,2,27,18,147,1,1,0,70,2.1,20,90,1,0,0,3.704,1,1,5,37.037,29.63,11.111,51.852,7.407,0,50,50,"'-18.558","'-0.687","'-18.018","'-21.1"
,Devon Achane,MIA,RB,2,14,14,145,1,0,0,45,3.222,14,100,1,1,100,7.143,0,0,0,57.143,7.143,0,50,35.714,7.143,48.889,51.111,10.726,0.766,80.76,89.21
,Brian Thomas Jr.,JAC,WR,2,8,6,141,1,1,1,45,3.133,7,85.714,0,0,0,0,1,1,14.286,75,12.5,12.5,25,12.5,37.5,37.778,62.222,9.688,1.211,60.951,90.41
,Josh Reynolds,DEN,WR,2,13,9,140,0,0,0,63,2.222,10,90,3,1,33.333,23.077,2,0,0,61.538,53.846,15.385,23.077,7.692,0,44.444,55.556,10.868,0.836,37.734,23.47
,Isaiah Likely,BLT,TE,2,15,11,137,1,2,0,47,2.915,12,91.667,3,1,33.333,20,0,0,0,73.333,13.333,13.333,33.333,33.333,6.667,34.043,65.957,7.008,0.467,52.103,47.61
,Hunter Henry,NE,TE,3,18,12,136,0,1,0,53,2.72,10,100,0,0,0,0,0,0,0,66.667,20,0,40,6.667,33.333,68,32,9.448,0.63,29.498,20.77
,Jaxon Smith-Njigba,SEA,WR,2,18,14,136,0,0,0,66,2.061,15,93.333,2,0,0,11.111,0,1,6.667,72.222,16.667,11.111,44.444,0,27.778,50,50,8.493,0.472,36.959,14.56
,Marvin Harrison Jr.,ARZ,WR,2,11,5,134,2,3,1,53,2.528,7,71.429,3,2,66.667,27.273,2,1,14.286,36.364,18.182,9.091,45.455,0,27.273,37.736,62.264,8.468,0.77,30.135,22.18
,Amon-Ra St. Brown,DET,WR,2,25,14,132,0,0,0,80,1.65,15,93.333,4,0,0,16,0,0,0,40,32,16,28,0,20,28.75,71.25,"'-5.677","'-0.227","'-16.691","'-20.96"
,Zay Flowers,BLT,WR,2,21,13,128,1,2,1,73,1.753,15,86.667,1,0,0,4.762,0,0,0,47.619,23.81,4.762,42.857,23.81,0,39.726,60.274,"'-0.051","'-0.002","'-9.913","'-18.91"
,Calvin Ridley,TEN,WR,2,13,7,127,1,1,1,62,2.048,7,100,2,1,50,15.385,1,0,0,53.846,38.462,7.692,46.154,0,7.692,58.065,41.935,7.124,0.548,32.827,21.24
,Breece Hall,NYJ,RB,3,19,16,120,1,1,1,53,2.5,13,92.308,1,1,100,7.143,1,1,7.692,42.857,14.286,7.143,42.857,28.571,7.143,52.083,47.917,"'-2.073","'-0.148",14.316,3.61
,A.J. Brown,PHI,WR,1,10,5,119,1,1,0,35,3.4,5,100,3,0,0,30,0,0,0,50,60,10,0,0,30,48.571,51.429,5.005,0.501,33.608,31.79
,George Kittle,SF,TE,2,13,11,116,1,0,0,64,1.813,12,91.667,2,2,100,15.385,0,0,0,61.538,23.077,15.385,30.769,23.077,7.692,37.5,62.5,8.386,0.645,38.465,41.24
,George Pickens,PIT,WR,2,11,8,114,0,0,0,37,3.081,8,100,2,1,50,18.182,1,0,0,54.545,36.364,9.091,36.364,0,18.182,51.351,48.649,8.587,0.781,23.972,15.33
,Romeo Doubs,GB,WR,2,10,7,112,0,1,0,46,2.435,7,100,2,1,50,20,1,0,0,70,30,10,30,0,30,52.174,47.826,9.848,0.985,40.058,37.73
,Mike Gesicki,CIN,TE,2,13,10,109,0,2,0,37,2.946,12,83.333,0,0,0,0,0,2,16.667,69.231,0,23.077,53.846,7.692,15.385,51.351,48.649,6.92,0.532,10.938,7.41
,Tyler Conklin,NYJ,TE,3,10,7,109,0,1,0,62,1.946,2,100,0,0,0,0,0,0,0,50,25,0,50,0,0,51.786,48.214,"'-1.322","'-0.33","'-5.483","'-28.63"
,Gabriel Davis,JAC,WR,2,10,6,105,0,1,0,55,1.909,6,100,1,0,0,10,0,0,0,60,40,0,30,10,20,36.364,63.636,0.881,0.088,26.133,19.67
,Darnell Mooney,ATL,WR,2,10,4,103,1,1,0,56,1.839,4,100,1,1,100,10,0,0,0,40,40,40,20,0,0,50,50,3.957,0.396,18.293,9.86
,Mike Evans,TB,WR,2,12,8,103,2,3,2,47,2.191,9,88.889,1,1,100,8.333,3,1,11.111,66.667,33.333,8.333,33.333,0,25,65.957,34.043,4.874,0.406,44.71,33.01
,Jauan Jennings,SF,WR,2,9,7,101,0,1,0,47,2.149,7,100,0,0,0,0,0,0,0,66.667,11.111,33.333,33.333,0,22.222,36.17,63.83,5.811,0.646,28.07,28.25
,Austin Ekeler,WAS,RB,2,7,7,99,0,0,0,32,3.094,7,100,0,0,0,0,0,0,0,71.429,0,0,42.857,57.143,0,34.375,65.625,7.049,1.007,54.481,162.41
,Tyler Johnson,LA,WR,2,10,7,99,0,2,0,61,1.623,7,100,0,0,0,0,0,0,0,50,40,10,50,0,0,47.541,52.459,0.04,0.004,0.36,"'-12.19"
,Jerry Jeudy,CLV,WR,2,14,8,98,1,2,1,75,1.307,10,80,3,1,33.333,21.429,2,0,0,50,64.286,0,14.286,0,21.429,49.333,45.333,7.233,0.517,15.572,2.93
,Trey McBride,ARZ,TE,2,15,11,97,0,0,0,51,1.902,14,78.571,0,0,0,0,2,2,14.286,60,13.333,20,53.333,6.667,6.667,37.255,62.745,6.408,0.427,9.672,2.64
,Ja'Marr Chase,CIN,WR,2,11,10,97,0,1,0,66,1.47,11,90.909,0,0,0,0,0,1,9.091,72.727,0,9.091,90.909,0,0,50,50,3.85,0.35,26.803,16.83
,Khalil Shakir,BUF,WR,2,8,8,96,1,0,0,34,2.824,8,100,1,1,100,12.5,0,0,0,87.5,0,25,62.5,0,12.5,41.176,58.824,11.054,1.382,49.867,73.84
,Ray-Ray McCloud,ATL,WR,2,12,7,94,0,1,0,48,1.958,8,87.5,2,0,0,16.667,1,0,0,50,33.333,16.667,16.667,0,25,50,50,"'-1.827","'-0.152",13.123,1.38
,Jalen Tolbert,DAL,WR,2,11,7,94,0,1,0,62,1.516,7,100,1,0,0,9.091,1,0,0,45.455,18.182,18.182,27.273,9.091,27.273,53.226,45.161,2.695,0.245,8.111,"'-3.35"
,Rashod Bateman,BLT,WR,2,9,5,93,0,1,0,69,1.348,5,100,2,1,50,22.222,1,0,0,44.444,44.444,22.222,22.222,0,11.111,40.58,59.42,"'-1.213","'-0.135",11.484,4.58
,Chris Olave,NO,WR,2,8,6,92,0,1,1,37,2.486,6,100,1,1,100,12.5,2,0,0,62.5,25,12.5,37.5,12.5,12.5,51.351,43.243,2.727,0.341,25.184,28.48
,Alvin Kamara,NO,RB,2,8,7,92,1,0,0,26,3.538,8,87.5,0,0,0,0,0,1,12.5,50,0,0,87.5,12.5,0,50,42.308,5.149,0.644,28.878,56.61
,Tyler Lockett,SEA,WR,2,9,8,92,0,0,0,61,1.508,8,100,1,1,100,11.111,2,0,0,66.667,33.333,11.111,33.333,11.111,11.111,45.902,54.098,"'-0.454","'-0.05",33.904,34.88
,Demarcus Robinson,LA,WR,2,11,6,92,0,2,0,76,1.211,6,100,0,0,0,0,1,0,0,54.545,18.182,45.455,36.364,0,0,44.737,55.263,4.979,0.453,14.985,4.01
,Jakobi Meyers,LV,WR,2,8,7,90,0,1,0,73,1.233,7,100,1,1,100,12.5,0,0,0,75,37.5,0,37.5,12.5,12.5,34.247,64.384,6.742,0.843,27.353,31.75
,Zach Ertz,WAS,TE,2,8,7,90,0,0,0,49,1.837,8,87.5,1,0,0,12.5,0,0,0,87.5,37.5,12.5,37.5,12.5,0,46.939,53.061,6.71,0.839,35.238,58.41
,D.J. Moore,CHI,WR,2,18,11,89,0,0,0,72,1.236,11,100,0,0,0,0,0,0,0,38.889,22.222,16.667,44.444,5.556,11.111,56.944,43.056,"'-2.978","'-0.165","'-31.927","'-34.35"
,Quentin Johnston,LAC,WR,2,11,8,89,2,3,2,41,2.171,9,88.889,3,1,33.333,27.273,0,0,0,54.545,36.364,0,45.455,18.182,0,41.463,58.537,5.925,0.539,26.36,19.89
,Demario Douglas,NE,WR,2,12,9,81,0,0,0,50,1.976,2,100,0,0,0,0,0,0,0,33.333,0,0,100,0,0,68.293,31.707,"'-0.758","'-0.253","'-6.743","'-39.39"
,Rachaad White,TB,RB,2,7,7,80,0,0,0,42,1.905,7,100,0,0,0,0,0,0,0,71.429,0,0,57.143,42.857,0,59.524,40.476,5.263,0.752,35.772,98.51
,Jalen Nailor,MIN,WR,2,5,4,75,2,3,2,39,1.923,4,100,0,0,0,0,0,0,0,80,20,20,40,20,0,38.462,61.538,5.864,1.173,49.949,111.67
,Brandon Aiyuk,SF,WR,2,10,6,71,0,3,0,64,1.109,7,85.714,2,1,50,20,0,2,28.571,50,10,40,30,0,20,35.938,64.063,6.148,0.615,2.603,"'-9.35"
,Stefon Diggs,HST,WR,2,12,10,70,2,1,1,66,1.061,10,100,0,0,0,0,1,0,0,50,8.333,8.333,41.667,16.667,25,36.364,63.636,6.29,0.524,14.716,4.37
,Dallas Goedert,PHI,TE,2,9,7,69,0,1,0,58,1.19,8,87.5,2,1,50,22.222,0,0,0,44.444,11.111,0,66.667,0,22.222,56.897,43.103,"'-1.524","'-0.169","'-3.87","'-14.55"
,Drake London,ATL,WR,2,10,8,69,1,1,1,56,1.232,9,88.889,5,4,80,50,1,0,0,70,50,10,30,10,0,48.214,51.786,"'-0.762","'-0.076",16.747,7.32
,Adam Thielen,CAR,WR,2,7,5,69,0,0,0,51,1.353,5,100,1,1,100,14.286,0,0,0,57.143,28.571,14.286,28.571,0,28.571,49.02,50.98,2.184,0.312,9.229,5.17
,Bijan Robinson,ATL,RB,2,10,9,68,0,0,0,51,1.333,10,90,0,0,0,0,1,1,10,70,0,0,70,30,0,47.059,52.941,2.099,0.21,31.687,39.47
,Ashton Dulin,IND,WR,2,3,2,67,1,0,0,18,3.722,2,100,0,0,0,0,0,0,0,66.667,33.333,0,33.333,33.333,0,22.222,77.778,4.739,1.58,30.773,117.03
,Pat Freiermuth,PIT,TE,2,8,8,66,0,0,0,37,1.784,8,100,1,1,100,12.5,0,0,0,50,12.5,0,50,12.5,25,43.243,56.757,2.217,0.277,17.717,30.24
,Mark Andrews,BLT,TE,2,7,6,65,0,0,0,61,1.066,6,100,0,0,0,0,0,0,0,71.429,14.286,0,57.143,0,28.571,42.623,57.377,2.173,0.31,21.972,38.73
,Brenton Strange,JAC,TE,1,6,3,65,0,1,0,30,2.167,3,100,1,0,0,16.667,0,0,0,50,50,16.667,16.667,0,16.667,40,60,3.963,0.66,15.054,38.76
,Ladd McConkey,LAC,WR,2,11,7,65,1,1,0,35,1.857,7,100,0,0,0,0,0,0,0,54.545,36.364,0,36.364,0,18.182,45.714,54.286,0.038,0.003,11.407,0.65
,Xavier Worthy,KC,WR,2,7,4,64,1,1,0,42,1.524,5,80,0,0,0,0,0,0,0,42.857,28.571,0,42.857,14.286,14.286,40.476,59.524,1.585,0.226,17.421,19.48
,Courtland Sutton,DEN,WR,2,16,5,64,0,4,0,78,0.821,6,83.333,1,0,0,6.25,0,0,0,25,43.75,18.75,25,6.25,0,41.026,58.974,"'-13.143","'-0.821","'-46.803","'-49.69"
,Justice Hill,BLT,RB,2,10,8,62,0,0,0,51,1.216,8,100,0,0,0,0,0,0,0,30,10,0,40,50,0,37.255,62.745,1.79,0.179,10.19,9.32
,Wan'Dale Robinson,NYG,WR,2,16,8,62,1,1,0,55,1.127,9,88.889,3,1,33.333,18.75,0,0,0,43.75,31.25,0,31.25,0,31.25,30.909,69.091,"'-11.159","'-0.697","'-23.944","'-33.2"
,Jonnu Smith,MIA,TE,2,9,7,60,0,0,0,44,1.364,8,87.5,0,0,0,0,0,1,12.5,55.556,11.111,0,55.556,33.333,0,43.182,56.818,"'-0.376","'-0.042",5.644,3.39
,Zach Charbonnet,SEA,RB,2,8,7,60,1,0,0,52,1.154,7,100,0,0,0,0,0,0,0,50,0,0,37.5,37.5,25,42.308,57.692,1.781,0.223,25.547,41.73
,Darius Slayton,NYG,WR,2,8,6,59,0,1,0,64,0.922,6,100,1,0,0,12.5,0,0,0,62.5,37.5,0,25,0,37.5,35.938,64.063,"'-0.766","'-0.096",15.798,11.92
,Brandin Cooks,DAL,WR,2,9,6,59,1,1,1,65,0.908,6,100,3,1,33.333,33.333,1,0,0,55.556,22.222,22.222,11.111,11.111,33.333,49.231,49.231,2.69,0.299,12.435,5.09
,Colby Parkinson,LA,TE,2,7,5,59,0,0,0,75,0.787,7,71.429,0,0,0,0,0,2,28.571,57.143,0,28.571,71.429,0,0,42.667,57.333,4.638,0.663,14.669,22.44
,Kyle Juszczyk,SF,FB,2,8,5,59,0,0,0,39,1.513,5,100,1,1,100,12.5,0,0,0,50,12.5,0,50,0,37.5,30.769,69.231,"'-2.99","'-0.374",12.76,12.85
,Greg Dortch,ARZ,WR,2,10,8,58,0,0,0,35,1.657,8,100,2,2,100,20,1,0,0,50,20,30,40,0,10,31.429,68.571,1.189,0.119,3.141,"'-8.54"
,Sam LaPorta,DET,TE,2,8,6,58,0,1,0,74,0.784,6,100,0,0,0,0,0,0,0,50,0,12.5,25,12.5,37.5,25.676,74.324,1.776,0.222,6.274,5.65
,Jahmyr Gibbs,DET,RB,2,13,11,56,0,0,0,53,1.057,11,100,0,0,0,0,0,0,0,38.462,0,0,53.846,30.769,15.385,24.528,75.472,"'-5.256","'-0.404","'-12.917","'-28.19"
,Noah Brown,WAS,WR,1,3,3,56,0,0,0,11,5.091,3,100,0,0,0,0,0,0,0,100,0,33.333,33.333,0,33.333,45.455,54.545,3.319,1.106,24.902,95.21
,Austin Hooper,NE,TE,3,9,4,55,0,0,0,28,2.292,4,75,1,0,0,20,0,0,0,40,20,0,60,0,20,70.833,29.167,1.173,0.235,4.176,8.13
,Isiah Pacheco,KC,RB,2,8,7,54,0,0,0,42,1.286,8,87.5,0,0,0,0,0,1,12.5,50,0,0,50,50,0,38.095,61.905,"'-0.579","'-0.072",9.225,4.19
,Tucker Kraft,GB,TE,2,5,4,53,0,0,0,45,1.178,4,100,1,0,0,20,0,0,0,60,20,0,80,0,0,51.111,48.889,3.473,0.695,17.215,59.99
,Elijah Moore,CLV,WR,2,14,9,53,0,0,0,77,0.688,10,90,2,0,0,14.286,0,0,0,35.714,14.286,0,14.286,7.143,57.143,49.351,42.857,"'-10.447","'-0.746","'-33.328","'-46.36"
,Jalen McMillan,TB,WR,2,5,2,53,1,0,0,47,1.128,2,100,1,0,0,20,0,0,0,40,40,0,20,40,0,61.702,38.298,1.332,0.266,15.83,29.01
,Mike Williams,NYJ,WR,2,5,4,53,0,1,0,33,1.828,1,100,1,1,100,100,1,0,0,100,100,0,0,0,0,55.172,44.828,1.939,1.939,10.19,237.29
,Tony Pollard,TEN,RB,2,10,8,52,0,0,0,36,1.444,9,88.889,2,2,100,20,1,1,11.111,40,30,0,20,10,40,55.556,44.444,"'-0.081","'-0.008",5.616,"'-3.27"
,Michael Pittman,IND,WR,2,15,7,52,0,0,0,49,1.061,9,77.778,5,1,20,33.333,0,1,11.111,26.667,40,20,13.333,0,26.667,34.694,65.306,"'-7.283","'-0.486","'-50.271","'-56.95"
,Brian Robinson,WAS,RB,2,7,4,52,0,0,0,30,1.733,4,100,0,0,0,0,0,0,0,28.571,14.286,0,28.571,42.857,14.286,46.667,53.333,0.875,0.125,10.982,24.1
,Keon Coleman,BUF,WR,2,6,4,51,0,1,0,39,1.308,5,80,2,1,50,33.333,1,0,0,50,50,16.667,33.333,0,0,46.154,53.846,2.501,0.417,7.444,5.38
,Aaron Jones,MIN,RB,2,8,7,51,0,0,0,32,1.594,7,100,1,0,0,12.5,0,0,0,37.5,12.5,0,50,25,12.5,37.5,62.5,"'-6.64","'-0.83","'-16.755","'-61.1"
,Lil'Jordan Humphrey,DEN,WR,2,6,4,50,0,0,0,43,1.163,5,80,0,0,0,0,0,1,20,50,16.667,0,50,0,33.333,46.512,53.488,"'-0.951","'-0.158",2.919,"'-6.56"
,James Cook,BUF,RB,2,4,4,49,1,0,0,22,2.227,4,100,0,0,0,0,0,0,0,50,0,0,25,75,0,59.091,40.909,6.845,1.711,37.608,153.16
,Javonte Williams,DEN,RB,2,7,6,48,0,0,0,49,0.98,6,100,0,0,0,0,0,0,0,57.143,14.286,0,28.571,42.857,14.286,38.776,61.224,0.399,0.057,13.912,19.83
,Tutu Atwell,LA,WR,1,4,3,48,0,0,0,13,3.692,4,75,0,0,0,0,0,1,25,75,0,0,100,0,0,23.077,76.923,2.853,0.713,16.185,38.3
,Justin Watson,KC,WR,2,3,3,47,0,0,0,31,1.516,3,100,0,0,0,0,0,0,0,100,0,0,33.333,66.667,0,48.387,51.613,2.865,0.955,23.892,84.49
,Jermaine Burton,CIN,WR,1,2,1,47,0,0,0,6,7.833,1,100,0,0,0,0,0,0,0,50,0,0,50,0,50,66.667,33.333,2.777,1.388,14.333,74.69
,Kyle Pitts,ATL,TE,2,7,6,46,1,2,1,53,0.868,6,100,1,1,100,14.286,0,0,0,42.857,42.857,14.286,42.857,0,0,47.17,52.83,0.87,0.124,5.003,3.63
,Braelon Allen,NYJ,RB,3,8,6,45,1,0,0,21,2.5,4,75,0,0,0,0,0,1,25,60,20,0,20,40,20,50,50,2.816,0.563,24.126,88.55
,Saquon Barkley,PHI,RB,2,7,6,44,1,1,1,57,0.772,7,85.714,1,1,100,14.286,0,1,14.286,71.429,14.286,0,85.714,0,0,61.404,38.596,5.43,0.776,33.321,57.53
,Dalton Kincaid,BUF,TE,2,6,5,44,0,0,0,36,1.222,5,100,0,0,0,0,0,0,0,83.333,0,0,83.333,16.667,0,47.222,52.778,2.637,0.439,13.827,28.99
,Tyler Boyd,TEN,WR,2,10,5,44,0,0,0,61,0.721,5,100,2,0,0,20,0,0,0,50,60,20,20,0,0,55.738,44.262,"'-0.741","'-0.074","'-11.136","'-27.6"
,Rome Odunze,CHI,WR,2,9,3,44,0,1,0,69,0.638,4,75,1,0,0,11.111,0,0,0,22.222,11.111,22.222,33.333,0,33.333,59.42,40.58,"'-4.208","'-0.468","'-38.376","'-76.2"
,Joe Mixon,HST,RB,2,8,6,44,0,0,0,38,1.158,6,100,1,0,0,12.5,0,0,0,50,12.5,0,62.5,12.5,0,28.947,71.053,0.786,0.098,8.177,8.95
,David Njoku,CLV,TE,1,5,4,44,0,0,0,19,2.316,5,80,0,0,0,0,0,1,20,20,20,0,0,40,40,36.842,52.632,1.045,0.209,2.097,0.17
,Foster Moreau,NO,TE,1,4,4,43,1,1,1,32,1.344,4,100,0,0,0,0,0,0,0,75,0,0,75,0,25,53.125,40.625,3.219,0.805,22.097,74.23
,Alexander Mattison,LV,RB,2,6,4,43,1,0,0,36,1.194,4,100,0,0,0,0,0,0,0,33.333,16.667,0,33.333,33.333,16.667,27.778,69.444,"'-1.068","'-0.178",15.765,25.14
,Luke Schoonmaker,DAL,TE,1,6,6,43,0,0,0,25,1.72,6,100,0,0,0,0,1,0,0,66.667,0,50,50,0,0,48,52,0.697,0.116,8.954,12.89
,Will Dissly,LAC,TE,2,4,4,42,0,0,0,14,3,4,100,0,0,0,0,0,0,0,100,25,0,25,25,25,28.571,71.429,3.287,0.822,21.629,71.26
,Jonathan Mingo,CAR,WR,2,7,3,41,0,0,0,35,1.171,3,100,1,0,0,14.286,0,0,0,28.571,28.571,14.286,28.571,0,28.571,54.286,45.714,"'-1.417","'-0.202","'-21.049","'-49.75"
,Travis Kelce,KC,TE,2,7,4,39,0,0,0,52,0.75,5,80,0,0,0,0,0,1,20,28.571,14.286,14.286,71.429,0,0,38.462,61.538,"'-3.253","'-0.465","'-9.253","'-26.29"
,Devaughn Vele,DEN,WR,1,8,8,39,0,0,0,25,1.56,8,100,0,0,0,0,0,0,0,37.5,0,0,100,0,0,40,60,"'-0.597","'-0.075","'-10.122","'-29.01"
,Terry McLaurin,WAS,WR,2,12,8,39,0,0,0,54,0.722,9,88.889,2,1,50,16.667,0,0,0,33.333,16.667,0,41.667,0,41.667,42.593,57.407,"'-2.094","'-0.175","'-37.342","'-54.94"
,DeAndre Carter,CHI,WR,2,6,4,38,0,0,0,37,1.027,4,100,0,0,0,0,0,0,0,50,0,33.333,50,0,16.667,51.351,48.649,0.194,0.032,"'-1.382","'-15.81"
,Hayden Hurst,LAC,TE,2,5,3,38,0,1,0,38,1,3,100,0,0,0,0,0,0,0,60,0,20,40,20,20,47.368,52.632,0.118,0.024,"'-1.705","'-12.34"
,Noah Gray,KC,TE,1,3,3,37,0,0,0,24,1.542,3,100,1,1,100,33.333,0,0,0,100,0,0,66.667,0,33.333,50,50,2.223,0.741,13.697,67.2
,Nathaniel Dell,HST,WR,2,11,4,37,0,1,0,63,0.587,5,80,0,0,0,0,0,1,20,27.273,36.364,9.091,36.364,9.091,9.091,34.921,65.079,"'-2.771","'-0.252","'-44.032","'-60.73"
,Dalton Schultz,HST,TE,2,6,5,37,0,0,0,62,0.597,5,100,2,2,100,33.333,0,0,0,50,50,0,50,0,0,35.484,64.516,"'-0.28","'-0.047",4.972,4.95
,Jordan Akins,CLV,TE,2,5,4,37,0,0,0,49,0.755,4,100,1,1,100,20,0,0,0,80,20,0,20,40,20,51.02,44.898,2.503,0.501,5.121,8.15
,David Montgomery,DET,RB,2,5,5,37,0,0,0,30,1.233,5,100,0,0,0,0,1,0,0,60,0,20,40,40,0,33.333,66.667,"'-0.229","'-0.046",8.574,13.74
,Michael Wilson,ARZ,WR,2,4,3,36,1,1,1,48,0.75,4,75,0,0,0,0,0,1,25,75,0,0,100,0,0,35.417,64.583,5.045,1.261,24.716,59.76
,James Conner,ARZ,RB,2,5,4,35,0,0,0,36,0.972,4,100,0,0,0,0,0,0,0,40,0,0,80,20,0,38.889,61.111,1.354,0.271,8.962,17.44
,Xavier Legette,CAR,WR,1,7,4,35,0,2,0,38,0.921,4,100,0,0,0,0,0,0,0,42.857,42.857,14.286,14.286,0,28.571,50,50,"'-0.696","'-0.099","'-12.373","'-33.11"
,Jordan Addison,MIN,WR,1,4,3,35,0,0,0,16,2.188,3,100,0,0,0,0,0,0,0,50,25,0,0,0,75,31.25,68.75,1.033,0.258,5.868,4.52
,Tre Tucker,LV,WR,2,5,4,35,0,0,0,60,0.583,4,100,0,0,0,0,0,0,0,60,0,20,20,60,0,36.667,61.667,1.724,0.345,"'-0.072","'-12.85"
,Rico Dowdle,DAL,RB,2,6,5,35,0,0,0,35,1,6,83.333,1,0,0,16.667,0,0,0,50,16.667,16.667,50,16.667,0,34.286,62.857,0.469,0.078,3.257,"'-2.67"
,Puka Nacua,LA,WR,1,4,4,35,0,0,0,15,2.333,4,100,0,0,0,0,0,0,0,75,0,0,100,0,0,46.667,53.333,1.213,0.303,7.125,10.92
,Diontae Johnson,CAR,WR,2,12,5,34,0,2,0,48,0.708,5,100,3,1,33.333,25,0,0,0,33.333,58.333,8.333,33.333,0,0,47.917,52.083,"'-11.477","'-0.956","'-42.317","'-55.12"
,Josh Palmer,LAC,WR,2,6,4,34,0,1,0,39,0.872,4,100,0,0,0,0,0,1,25,50,0,0,83.333,0,16.667,46.154,53.846,0.052,0.009,"'-6.249","'-25.8"
,Ty Johnson,BUF,RB,2,3,1,33,0,0,0,11,3,1,100,0,0,0,0,0,0,0,33.333,0,66.667,0,0,0,36.364,63.636,2.172,0.724,10.71,59.27
,Andrei Iosivas,CIN,WR,2,10,5,33,2,2,2,65,0.508,6,83.333,0,0,0,0,1,0,0,40,30,20,40,10,0,50.769,49.231,3.83,0.383,0.961,"'-11.53"
,Jaylen Warren,PIT,RB,2,4,4,32,0,0,0,24,1.333,4,100,0,0,0,0,0,0,0,50,0,0,50,50,0,50,50,0.972,0.243,12.322,64.28
,Erick All,CIN,TE,1,4,4,32,0,0,0,22,1.455,4,100,1,1,100,25,0,0,0,75,25,0,75,0,0,36.364,63.636,1.348,0.337,6.671,17.37
,Jonathan Taylor,IND,RB,2,4,2,32,0,0,0,31,1.032,4,50,0,0,0,0,0,2,50,50,0,25,25,50,0,35.484,64.516,"'-1.521","'-0.38","'-13.259","'-71.74"
,Adonai Mitchell,IND,WR,2,9,2,32,0,1,0,37,0.865,3,66.667,0,0,0,0,0,1,33.333,11.111,44.444,11.111,22.222,11.111,11.111,32.432,67.568,"'-6.014","'-0.668","'-41.279","'-69.13"
,Chigoziem Okonkwo,TEN,TE,2,5,5,31,1,1,1,36,0.861,5,100,1,1,100,20,1,0,0,20,20,0,40,20,20,58.333,41.667,1.274,0.255,3.214,7.24
,Cole Kmet,CHI,TE,2,6,5,31,0,0,0,45,0.689,5,100,1,1,100,16.667,0,0,0,50,16.667,16.667,50,16.667,0,55.556,44.444,"'-1.546","'-0.258",4.284,5.73
,Ja'Lynn Polk,NE,WR,3,6,5,31,1,1,1,36,0.912,3,100,1,1,100,25,1,0,0,75,25,25,50,0,0,67.647,32.353,1.336,0.334,12.081,27.79
,Kyren Williams,LA,RB,2,8,7,31,0,0,0,78,0.397,8,87.5,1,1,100,12.5,0,0,0,50,0,12.5,75,12.5,0,47.436,52.564,"'-1.506","'-0.188","'-7.361","'-29.42"
,Grant Calcaterra,PHI,TE,2,3,3,30,0,0,0,19,1.579,3,100,0,0,0,0,0,0,0,100,0,33.333,33.333,33.333,0,57.895,42.105,2.32,0.773,13.835,49.81
,Elijah Higgins,ARZ,TE,2,3,3,30,1,1,1,22,1.364,3,100,0,0,0,0,0,0,0,100,0,0,100,0,0,45.455,54.545,3.747,1.249,24.915,106.61
,Zack Moss,CIN,RB,2,5,3,30,0,0,0,52,0.577,4,75,0,0,0,0,0,1,25,40,0,20,40,40,0,51.923,48.077,0.395,0.079,4.54,2.09
,Pierre Strong,CLV,RB,2,5,3,30,0,0,0,21,1.429,4,75,1,0,0,20,0,0,0,40,20,0,20,40,20,47.619,47.619,1.177,0.235,0.087,"'-13.51"
,Keenan Allen,CHI,WR,1,11,4,29,0,2,0,25,1.16,5,80,0,0,0,0,0,1,20,36.364,9.091,27.273,27.273,9.091,18.182,56,44,"'-2.886","'-0.262","'-35.371","'-50.87"
,Christian Kirk,JAC,WR,2,7,2,29,0,1,0,50,0.58,3,66.667,2,0,0,28.571,1,1,33.333,14.286,28.571,14.286,28.571,0,28.571,40,60,"'-1.457","'-0.208","'-25.73","'-60.8"
,Olamide Zaccheaus,WAS,WR,2,6,4,29,0,0,0,22,1.318,5,80,1,0,0,16.667,0,0,0,50,16.667,0,83.333,0,0,40.909,59.091,"'-1.447","'-0.241","'-8.999","'-30.1"
,Drew Sample,CIN,TE,1,3,3,28,0,0,0,29,0.966,3,100,0,0,0,0,0,0,0,100,0,0,100,0,0,41.379,58.621,2.16,0.72,"'-7.706","'-41.61"
,K.J. Osborn,NE,WR,2,8,4,28,0,0,0,33,0.848,6,66.667,1,1,100,12.5,0,1,16.667,37.5,37.5,25,25,0,12.5,75.758,24.242,"'-3.607","'-0.451","'-16.227","'-39.6"
,Greg Dulcich,DEN,TE,2,11,5,28,0,1,0,58,0.483,7,71.429,2,0,0,18.182,0,2,28.571,9.091,45.455,0,18.182,0,36.364,46.552,53.448,"'-6.208","'-0.564","'-43.022","'-71.37"
,Jalen Brooks,DAL,WR,2,4,2,28,0,0,0,28,1,3,66.667,0,0,0,0,1,0,0,50,50,25,0,25,0,57.143,42.857,"'-8.04","'-2.01",1.3,"'-8.38"
,Tyquan Thornton,NE,WR,2,4,2,27,0,1,0,36,0.771,2,100,1,1,100,33.333,0,0,0,66.667,66.667,0,0,33.333,0,65.714,34.286,2.11,0.703,4.937,12.96
,Josh Oliver,MIN,TE,1,2,2,27,0,0,0,20,1.35,2,100,0,0,0,0,0,0,0,50,0,0,0,0,100,25,75,1.507,0.753,8.641,62.02
,Johnny Mundt,MIN,TE,2,6,4,27,0,0,0,40,0.675,5,80,1,1,100,16.667,0,0,0,33.333,33.333,0,16.667,33.333,16.667,37.5,62.5,1.386,0.231,"'-12.651","'-54.29"
,Amari Cooper,CLV,WR,2,17,5,27,0,1,0,83,0.325,6,83.333,3,0,0,17.647,0,1,16.667,17.647,70.588,5.882,11.765,0,11.765,51.807,40.964,"'-6.871","'-0.404","'-74.496","'-70.72"
,Kalif Raymond,DET,WR,2,4,3,27,0,0,0,43,0.628,3,100,1,0,0,25,0,0,0,50,25,0,50,0,25,39.535,60.465,"'-0.832","'-0.208","'-0.456","'-14.03"
,David Bell,CLV,WR,0,3,3,27,0,0,0,5,5.4,3,100,1,1,100,33.333,0,0,0,66.667,66.667,0,0,0,33.333,100,0,3.214,1.071,2.055,"'-3.81"
,Dontayvion Wicks,GB,WR,2,7,3,26,1,0,0,24,1.083,6,50,2,0,0,28.571,0,1,16.667,42.857,14.286,28.571,42.857,0,14.286,45.833,54.167,2.013,0.288,"'-0.151","'-12.99"
,Emari Demercado,ARZ,RB,2,2,2,26,0,0,0,11,2.364,2,100,0,0,0,0,0,0,0,50,0,50,0,50,0,36.364,63.636,1.644,0.822,10.306,63.23
,Juwan Johnson,NO,TE,1,3,2,26,1,1,1,17,1.529,2,100,0,0,0,0,1,0,0,66.667,33.333,0,33.333,0,33.333,58.824,41.176,2.46,0.82,13.556,61.85
,Eric Saubert,SF,TE,2,3,2,26,0,0,0,14,1.857,2,100,0,0,0,0,0,0,0,66.667,33.333,0,66.667,0,0,35.714,64.286,"'-0.959","'-0.32",5.441,18.51
,Mack Hollins,BUF,WR,2,3,2,25,1,1,1,31,0.806,2,100,0,0,0,0,0,0,0,66.667,33.333,33.333,33.333,0,0,45.161,54.839,2.265,0.755,17.03,58.81
,Ty Chandler,MIN,RB,2,3,3,25,0,0,0,19,1.316,3,100,0,0,0,0,0,0,0,100,0,0,33.333,0,66.667,26.316,73.684,3.02,1.007,19.85,105.64
,Noah Fant,SEA,TE,2,7,3,25,0,1,0,60,0.417,5,60,0,0,0,0,0,2,40,14.286,28.571,0,57.143,14.286,0,45,55,"'-3.064","'-0.438","'-16.37","'-50.31"
,Ezekiel Elliott,DAL,RB,2,5,4,25,0,0,0,36,0.694,4,100,0,0,0,0,0,0,0,40,0,0,60,20,20,66.667,33.333,1.114,0.223,9.222,20.85
,Jerome Ford,CLV,RB,2,9,7,25,0,0,0,53,0.472,7,100,0,0,0,0,0,0,0,11.111,11.111,0,33.333,22.222,22.222,49.057,41.509,"'-4.772","'-0.53","'-17.212","'-50.56"
,D'Andre Swift,CHI,RB,2,6,4,24,0,0,0,48,0.5,4,100,0,0,0,0,0,0,0,50,0,16.667,66.667,16.667,0,56.25,43.75,"'-0.569","'-0.095","'-8.074","'-39.66"
,Britain Covey,PHI,WR,1,6,6,23,0,0,0,17,1.353,6,100,0,0,0,0,0,0,0,33.333,0,33.333,33.333,33.333,0,52.941,47.059,0.329,0.055,"'-12.154","'-37.97"
,Dawson Knox,BUF,TE,1,2,1,23,0,0,0,20,1.15,2,50,1,0,0,50,0,0,0,50,50,0,50,0,0,55,45,1.05,0.525,6.902,45.36
,Dare Ogunbowale,HST,RB,2,3,3,23,0,0,0,27,0.852,3,100,0,0,0,0,0,0,0,33.333,33.333,0,33.333,33.333,0,44.444,55.556,"'-1.599","'-0.533",7.572,35.14
,Tommy Tremble,CAR,TE,1,4,3,23,0,0,0,14,1.643,3,100,1,0,0,25,0,0,0,25,25,0,0,25,50,35.714,64.286,"'-1.523","'-0.381","'-6.348","'-30.39"
,Tyjae Spears,TEN,RB,2,6,6,22,0,0,0,33,0.667,6,100,0,0,0,0,0,0,0,16.667,0,0,33.333,33.333,33.333,57.576,42.424,"'-2.05","'-0.342","'-1.187","'-17.47"
,Mo Alie-Cox,IND,TE,2,2,1,22,0,1,0,20,1.1,1,100,0,0,0,0,0,0,0,50,0,0,50,0,0,30,70,1.12,0.56,1.735,3.9
,Jordan Whittington,LA,WR,1,2,2,22,0,0,0,14,1.571,2,100,0,0,0,0,0,0,0,100,0,0,50,50,0,21.429,78.571,2.418,1.209,3.748,11.17
,Travis Etienne,JAC,RB,2,7,5,21,0,1,0,44,0.477,5,100,0,0,0,0,0,0,0,42.857,14.286,0,42.857,28.571,14.286,38.636,61.364,"'-0.861","'-0.123","'-9.732","'-38.11"
,Josh Jacobs,GB,RB,2,3,2,20,0,0,0,34,0.588,2,100,0,0,0,0,0,0,0,66.667,33.333,0,66.667,0,0,47.059,52.941,0.832,0.277,2.741,8.93
,Nelson Agholor,BLT,WR,2,4,2,19,0,0,0,34,0.559,2,100,1,0,0,25,0,0,0,50,25,0,50,0,0,41.176,58.824,"'-0.81","'-0.202","'-7.548","'-37.35"
,Marquez Valdes-Scantling,BUF,WR,2,3,1,19,0,0,0,6,3.167,1,100,0,0,0,0,0,0,0,33.333,0,66.667,33.333,0,0,33.333,66.667,"'-1.89","'-0.63","'-1.377","'-18.3"
,Trey Palmer,TB,WR,1,2,1,19,0,0,0,8,2.375,1,100,0,0,0,0,0,0,0,50,50,0,50,0,0,12.5,87.5,0.879,0.439,1.847,1.67
,Curtis Samuel,BUF,WR,2,4,3,18,0,1,0,16,1.125,3,100,1,0,0,25,0,0,0,50,25,25,50,0,0,31.25,68.75,"'-0.298","'-0.075","'-8.533","'-41.63"
,Tanner Hudson,CIN,TE,1,3,2,18,0,0,0,9,2,3,66.667,0,0,0,0,0,1,33.333,0,0,0,100,0,0,66.667,33.333,"'-5.745","'-1.915","'-25.655","'-143.61"
,Cade Stover,HST,TE,1,1,1,18,0,0,0,7,2.571,1,100,0,0,0,0,0,0,0,100,0,0,0,100,0,14.286,85.714,3.168,3.168,8.782,84.97
,Theo Johnson,NYG,TE,1,4,1,18,0,0,0,65,0.277,2,50,0,0,0,0,0,1,50,25,50,0,25,0,25,33.846,66.154,"'-0.991","'-0.248","'-10.516","'-45.64"
,Hunter Luepke,DAL,RB,1,2,2,18,0,0,0,12,1.5,2,100,0,0,0,0,0,0,0,100,0,0,50,50,0,50,50,1.268,0.634,10.835,69.3
,Luke McCaffrey,WAS,WR,1,3,3,18,0,0,0,39,0.462,3,100,0,0,0,0,0,0,0,33.333,0,33.333,33.333,33.333,0,48.718,51.282,0.514,0.171,"'-4.377","'-34.01"
,DeAndre Hopkins,TEN,WR,2,3,2,17,0,1,0,23,0.739,2,100,1,0,0,33.333,0,0,0,66.667,33.333,0,66.667,0,0,60.87,39.13,0.366,0.122,"'-1.014","'-17.4"
,Trent Sherfield,MIN,WR,1,2,1,17,0,0,0,10,1.7,1,100,0,0,0,0,0,0,0,50,0,0,50,50,0,30,70,"'-5.101","'-2.55",0.843,"'-7.29"
,Dyami Brown,WAS,WR,1,4,2,17,0,2,0,33,0.515,2,100,1,0,0,25,0,0,0,50,50,0,50,0,0,48.485,51.515,"'-0.551","'-0.138","'-1.691","'-17.8"
,Sione Vaki,DET,RB,1,1,1,17,0,0,0,5,3.4,1,100,0,0,0,0,0,0,0,100,0,0,0,0,100,0,80,3.637,3.637,11.687,332.15
,Brandon Powell,MIN,WR,1,2,2,16,0,0,0,33,0.485,2,100,0,0,0,0,0,0,0,100,0,0,50,0,50,30.303,69.697,2.697,1.349,13.747,67.16
,Zamir White,LV,RB,2,6,5,16,0,0,0,37,0.432,5,100,1,0,0,16.667,0,0,0,16.667,16.667,0,33.333,16.667,33.333,29.73,70.27,"'-2.229","'-0.372","'-15.511","'-64.66"
,Xavier Gipson,NYJ,WR,1,2,2,16,0,0,0,26,0.667,0,0,0,0,0,0,0,0,0,0,0,0,0,0,0,45.833,54.167,0,0,0,0
,Van Jefferson,PIT,WR,2,5,3,15,0,0,0,37,0.405,3,100,0,0,0,0,0,0,0,20,40,0,20,20,20,48.649,51.351,"'-3.302","'-0.66","'-23.752","'-72.42"
,Rhamondre Stevenson,NE,RB,3,8,5,15,0,1,0,43,0.349,5,100,1,0,0,12.5,0,0,0,25,25,25,37.5,12.5,0,72.093,27.907,"'-3.84","'-0.48","'-28.175","'-75.73"
,Antonio Gibson,NE,RB,3,4,4,15,0,0,0,13,1.5,1,100,0,0,0,0,0,0,0,100,0,0,0,0,100,60,40,1.467,1.467,7.638,95.66
,Devin Singletary,NYG,RB,2,6,5,15,0,0,0,55,0.273,6,83.333,0,0,0,0,0,1,16.667,16.667,0,0,16.667,66.667,16.667,32.727,67.273,"'-3.8","'-0.633","'-17.867","'-74.06"
,Jake Bobo,SEA,WR,1,2,2,15,0,0,0,11,1.364,2,100,0,0,0,0,0,0,0,50,0,0,50,0,50,36.364,63.636,"'-0.127","'-0.064",0.452,"'-9.66"
,Jake Ferguson,DAL,TE,1,5,3,15,0,1,0,24,0.625,3,100,1,0,0,20,0,0,0,20,40,0,0,20,40,45.833,50,"'-1.606","'-0.321","'-18.274","'-69.64"
,Jeremy Ruckert,NYJ,TE,2,5,2,15,0,1,0,18,0.938,1,0,0,0,0,0,0,1,100,0,66.667,0,0,0,33.333,25,75,"'-1.965","'-0.655","'-18.146","'-100.03"
,Najee Harris,PIT,RB,2,4,2,14,0,0,0,18,0.778,2,100,0,0,0,0,0,0,0,25,25,0,0,50,25,33.333,66.667,"'-0.926","'-0.232","'-7.304","'-52.32"
,David Moore,CAR,WR,2,4,1,14,0,1,0,12,1.167,2,50,1,0,0,25,0,0,0,25,50,0,50,0,0,66.667,33.333,"'-6.736","'-1.684","'-15.181","'-69.21"
,Michael Mayer,LV,TE,2,4,3,14,0,0,0,40,0.35,3,100,0,0,0,0,0,0,0,50,50,0,25,25,0,22.5,77.5,0.076,0.019,"'-6.263","'-25.56"
,Bucky Irving,TB,RB,2,3,2,14,0,0,0,15,0.933,2,100,0,0,0,0,0,0,0,33.333,33.333,0,66.667,0,0,53.333,46.667,"'-0.032","'-0.011","'-0.079","'-14.34"
,Samaje Perine,KC,RB,2,3,2,13,0,0,0,11,1.182,2,100,0,0,0,0,0,0,0,33.333,0,0,33.333,33.333,33.333,54.545,45.455,"'-1.776","'-0.592","'-2.139","'-25.25"
,Christian Watson,GB,WR,1,5,3,13,1,3,1,35,0.371,3,100,2,1,50,40,0,0,0,20,60,0,0,0,40,54.286,45.714,"'-2.74","'-0.548","'-7.049","'-30.33"
,Calvin Austin,PIT,WR,2,4,2,13,0,0,0,26,0.5,2,100,1,0,0,25,0,0,0,25,75,0,25,0,0,53.846,46.154,"'-1.699","'-0.425","'-4.542","'-27.85"
,Ray Davis,BUF,RB,2,2,2,13,0,0,0,4,3.25,2,100,0,0,0,0,0,0,0,50,0,0,50,50,0,50,50,1.103,0.552,5.147,47.41
,Josh Whyle,TEN,TE,1,2,2,13,0,0,0,24,0.542,2,100,0,0,0,0,0,0,0,50,50,0,0,50,0,45.833,54.167,0.541,0.271,1.243,3.67
,Grant DuBose,MIA,WR,1,3,1,13,0,0,0,25,0.52,1,100,0,0,0,0,0,0,0,33.333,66.667,33.333,0,0,0,32,68,"'-3.068","'-1.023","'-4.221","'-33.98"
,Luke Farrell,JAC,TE,1,2,2,13,0,0,0,14,0.929,2,100,0,0,0,0,0,0,0,100,0,0,100,0,0,35.714,64.286,1.333,0.666,10.15,63.63
,Jamaal Williams,NO,RB,2,1,1,13,0,0,0,13,1,1,100,0,0,0,0,0,0,0,100,0,0,0,100,0,46.154,53.846,1.359,1.359,8.683,149.3
,Derrick Henry,BLT,RB,2,3,1,12,0,0,0,25,0.48,1,100,0,0,0,0,0,0,0,33.333,0,0,66.667,0,33.333,48,52,"'-0.68","'-0.227","'-1.876","'-25.04"
,Tyler Allgeier,ATL,RB,2,1,1,12,0,0,0,8,1.5,1,100,0,0,0,0,0,0,0,100,0,0,100,0,0,62.5,37.5,1.122,1.122,7.792,92.22
,Trey Benson,ARZ,RB,2,2,2,12,0,0,0,11,1.091,2,100,0,0,0,0,0,0,0,50,0,0,0,100,0,36.364,63.636,0.15,0.075,4.895,27.51
,Chase Brown,CIN,RB,2,3,3,12,0,0,0,17,0.706,3,100,0,0,0,0,0,0,0,0,0,0,100,0,0,47.059,52.941,"'-0.776","'-0.259","'-1.355","'-21.91"
,Andrew Ogletree,IND,TE,1,2,1,12,0,0,0,10,1.2,1,100,0,0,0,0,0,0,0,0,50,0,50,0,0,20,80,"'-0.196","'-0.098","'-5.159","'-61.72"
,Jeff Wilson,MIA,RB,2,2,2,12,0,0,0,12,1,2,100,0,0,0,0,0,0,0,50,0,0,50,50,0,33.333,66.667,0.166,0.083,3.349,16.64
,Chuba Hubbard,CAR,RB,2,5,4,12,0,0,0,36,0.333,4,100,0,0,0,0,0,0,0,0,40,0,20,0,40,50,50,"'-3.915","'-0.783","'-14.415","'-81.16"
,Ja'Tavion Sanders,CAR,TE,2,3,3,12,0,0,0,41,0.293,3,100,0,0,0,0,0,0,0,66.667,0,0,33.333,33.333,33.333,51.22,48.78,"'-0.858","'-0.286","'-3.895","'-27.59"
,Tim Patrick,DET,WR,0,3,2,12,0,0,0,21,0.571,2,100,0,0,0,0,0,0,0,33.333,0,33.333,33.333,33.333,0,9.524,90.476,"'-0.48","'-0.16","'-3.034","'-27.45"
,Nick Vannett,TEN,TE,1,2,2,11,0,0,0,9,1.222,2,100,0,0,0,0,0,0,0,50,0,0,50,50,0,44.444,55.556,0.492,0.246,0.548,"'-3.15"
,Trenton Irwin,CIN,WR,2,8,2,11,0,5,0,43,0.256,4,50,2,0,0,25,0,0,0,25,37.5,0,37.5,0,25,53.488,46.512,"'-6.12","'-0.765","'-45.189","'-73.56"
,C.J. Ham,MIN,FB,1,2,2,11,0,0,0,11,1,2,100,0,0,0,0,0,0,0,0,0,0,0,50,50,27.273,72.727,"'-3.233","'-1.617","'-24.938","'-328.41"
,Kenneth Gainwell,PHI,RB,2,1,1,10,0,0,0,9,1.111,1,100,0,0,0,0,0,0,0,100,0,0,100,0,0,33.333,66.667,1.54,1.54,7.972,134.04
,Darnell Washington,PIT,TE,2,2,2,10,1,1,1,18,0.556,2,100,0,0,0,0,0,0,0,100,50,0,0,0,50,33.333,66.667,3.027,1.513,16.296,117.01
,Raheem Mostert,MIA,RB,1,3,2,10,0,0,0,18,0.556,2,100,0,0,0,0,0,0,0,66.667,0,0,100,0,0,72.222,27.778,0.797,0.266,3.31,7.04
,MyCole Pruitt,PIT,TE,1,2,1,9,0,0,0,20,0.45,1,100,0,0,0,0,0,0,0,50,0,0,0,0,100,30,70,0.343,0.172,"'-2.249","'-23.84"
,Kylen Granson,IND,TE,2,3,1,9,0,0,0,35,0.257,1,100,0,0,0,0,0,0,0,33.333,33.333,0,33.333,0,33.333,31.429,68.571,"'-4.03","'-1.343","'-9.334","'-53.59"
,Eric Gray,NYG,RB,1,1,1,9,0,0,0,4,2.25,1,100,0,0,0,0,0,0,0,100,0,0,100,0,0,25,75,0.809,0.809,5.262,74.26
,D.J. Turner,LV,WR,2,1,1,9,0,0,0,6,1.5,1,100,0,0,0,0,0,0,0,0,0,0,100,0,0,16.667,83.333,"'-0.664","'-0.664","'-1.764","'-39.96"
,D'Onta Foreman,CLV,RB,1,1,1,9,0,0,0,10,0.9,1,100,0,0,0,0,0,0,0,0,0,0,100,0,0,70,30,"'-0.094","'-0.094",2.265,83.13
,Jordan Mason,SF,RB,2,2,2,9,0,0,0,56,0.161,2,100,0,0,0,0,0,0,0,100,0,0,100,0,0,35.714,64.286,1.843,0.922,11.241,57.92
,Velus Jones,CHI,WR,1,1,1,8,0,0,0,1,8,1,100,0,0,0,0,0,0,0,100,0,0,0,100,0,100,0,0.565,0.565,2.468,18.26
,Durham Smythe,MIA,TE,2,4,1,8,0,0,0,23,0.348,3,33.333,1,0,0,25,0,2,66.667,25,25,50,25,0,0,47.826,52.174,"'-0.941","'-0.235","'-14.5","'-63.13"
,Marvin Mims,DEN,WR,2,3,1,8,0,0,0,10,0.8,1,100,0,0,0,0,0,0,0,0,33.333,33.333,0,33.333,0,10,90,"'-1.81","'-0.603","'-14.723","'-83.59"
,Jared Wiley,KC,TE,1,1,1,7,0,0,0,9,0.778,0,0,0,0,0,0,0,0,0,0,0,100,0,0,0,33.333,66.667,"'-0.145","'-0.145",0.089,"'-5.61"
,Brevin Jordan,HST,TE,2,3,2,7,0,0,0,22,0.318,2,100,0,0,0,0,0,0,0,33.333,0,0,66.667,33.333,0,31.818,68.182,1.451,0.484,"'-5.543","'-33.15"
,Trey Sermon,IND,RB,1,1,1,7,0,0,0,15,0.467,1,100,0,0,0,0,0,0,0,0,0,0,0,100,0,26.667,73.333,"'-0.39","'-0.39","'-1.358","'-66.08"
,Luke Musgrave,GB,TE,2,3,1,6,0,0,0,15,0.4,1,100,1,0,0,33.333,0,0,0,33.333,66.667,0,33.333,0,0,40,60,"'-3.804","'-1.268","'-11.109","'-79.25"
,Jahan Dotson,PHI,WR,2,2,1,6,0,0,0,47,0.128,1,100,0,0,0,0,0,0,0,50,50,0,0,50,0,61.702,38.298,"'-0.655","'-0.328","'-1.901","'-23.75"
,Julian Hill,MIA,TE,2,3,1,6,0,2,0,30,0.2,2,50,0,0,0,0,0,0,0,33.333,0,33.333,66.667,0,0,46.667,53.333,"'-0.86","'-0.287","'-12.99","'-64.41"
,Mason Tipton,NO,WR,1,1,1,6,0,0,0,10,0.6,1,100,0,0,0,0,0,0,0,0,0,0,0,0,100,40,50,"'-0.814","'-0.814","'-3.14","'-54.89"
,Kenneth Walker,SEA,RB,1,3,2,6,0,0,0,18,0.333,2,100,0,0,0,0,0,0,0,33.333,0,0,100,0,0,66.667,33.333,"'-0.955","'-0.318","'-2.947","'-31.08"
,Laviska Shenault Jr.,SEA,WR,2,2,2,6,0,0,0,5,1.2,2,100,0,0,0,0,0,0,0,0,0,0,100,0,0,60,40,"'-0.523","'-0.262","'-7.633","'-63.34"
,Deuce Vaughn,DAL,RB,2,1,1,6,0,0,0,5,1.2,1,100,0,0,0,0,0,0,0,0,0,0,100,0,0,60,40,"'-0.739","'-0.739",0.614,2.61
,Charlie Jones,CIN,WR,1,1,1,5,0,0,0,9,0.556,1,100,0,0,0,0,0,0,0,100,0,0,100,0,0,22.222,77.778,0.164,0.164,"'-0.358","'-17.23"
,Robby Anderson,MIA,WR,1,4,1,5,0,2,0,21,0.238,1,100,0,0,0,0,0,0,0,0,25,25,50,0,0,42.857,57.143,"'-8.406","'-2.102","'-26.466","'-89.2"
,Evan Engram,JAC,TE,1,4,1,5,0,0,0,20,0.25,2,50,1,0,0,25,0,0,0,0,0,0,25,0,75,25,75,"'-2.624","'-0.656","'-15.38","'-74.71"
,Miles Sanders,CAR,RB,2,5,3,5,0,0,0,26,0.192,3,100,0,0,0,0,0,0,0,0,40,0,20,20,20,50,50,"'-3.023","'-0.605","'-24.861","'-101.25"
,Tyrone Tracy Jr.,NYG,RB,2,3,1,5,0,0,0,18,0.278,2,50,0,0,0,0,0,1,50,0,0,0,0,0,66.667,33.333,66.667,"'-0.966","'-0.322","'-9.17","'-64.63"
,Cedric Tillman,CLV,WR,2,2,2,5,0,0,0,27,0.185,2,100,0,0,0,0,0,0,0,50,0,0,0,50,50,59.259,25.926,0.809,0.404,"'-6.659","'-51.82"
,Cade Otton,TB,TE,2,4,1,5,0,1,0,54,0.093,1,100,0,0,0,0,0,0,0,25,50,0,50,0,0,59.259,40.741,"'-2.033","'-0.508","'-20.924","'-75.39"
,John Bates,WAS,TE,2,2,1,5,0,0,0,18,0.278,1,100,0,0,0,0,0,0,0,0,50,0,0,0,50,16.667,83.333,"'-0.794","'-0.397","'-7.301","'-67.69"
,Jamison Crowder,WAS,WR,1,1,1,5,0,0,0,3,1.667,1,100,0,0,0,0,0,0,0,100,0,0,100,0,0,0,100,0.16,0.16,"'-0.444","'-18.26"
,Charlie Kolar,BLT,TE,1,1,1,4,0,0,0,4,1,1,100,0,0,0,0,0,0,0,0,0,0,100,0,0,50,50,"'-0.275","'-0.275","'-1.48","'-29.61"
,Charlie Woerner,ATL,TE,1,2,1,4,0,0,0,12,0.333,2,50,1,0,0,50,0,0,0,0,50,0,0,0,50,50,50,"'-1.381","'-0.691","'-8.507","'-99.15"
,Khalil Herbert,CHI,RB,2,2,2,4,0,0,0,6,0.667,2,100,0,0,0,0,0,0,0,0,0,50,50,0,0,83.333,16.667,"'-1.155","'-0.577","'-7.007","'-127.67"
,J.K. Dobbins,LAC,RB,2,4,4,4,0,0,0,33,0.121,4,100,0,0,0,0,0,0,0,0,0,0,50,50,0,48.485,51.515,"'-2.467","'-0.617","'-19.895","'-91.24"
,Mike Burton,DEN,FB,2,2,2,4,0,0,0,13,0.308,2,100,0,0,0,0,0,0,0,0,50,0,50,0,0,38.462,61.538,"'-1.452","'-0.726","'-8.388","'-94.56"
,Kavontae Turpin,DAL,WR,2,5,2,4,0,0,0,16,0.25,4,50,1,0,0,20,0,1,25,0,40,0,40,0,20,56.25,43.75,"'-2.75","'-0.55","'-25.586","'-85.41"
,Chris Conley,SF,WR,1,1,1,4,0,0,0,11,0.364,1,100,0,0,0,0,0,0,0,0,0,0,0,0,100,36.364,63.636,"'-0.18","'-0.18","'-2.447","'-43.39"
,Malachi Corley,NYJ,WR,1,1,1,4,0,0,0,1,4,1,100,0,0,0,0,0,0,0,0,0,0,0,0,100,0,100,"'-0.476","'-0.476","'-2.287","'-90.84"
,Xavier Hutchinson,HST,WR,2,2,1,3,0,0,0,6,0.5,2,50,1,0,0,50,0,0,0,0,50,0,0,0,50,33.333,66.667,"'-1.947","'-0.973","'-10.791","'-83.15"
,Parker Washington,JAC,WR,2,2,1,3,0,0,0,13,0.231,2,50,0,0,0,0,0,1,50,0,0,0,100,0,0,38.462,61.538,"'-1.471","'-0.735","'-7.056","'-71.72"
,Daniel Bellinger,NYG,TE,1,1,1,3,0,0,0,13,0.231,1,100,0,0,0,0,0,0,0,0,0,0,0,0,100,23.077,76.923,"'-0.48","'-0.48","'-2.835","'-52.95"
,MarShawn Lloyd,GB,RB,1,1,1,3,0,0,0,3,1,1,100,0,0,0,0,0,0,0,0,0,0,100,0,0,66.667,33.333,"'-0.234","'-0.234","'-1.5","'-38.95"
,Cam Akers,HST,RB,1,1,1,3,0,0,0,6,0.5,1,100,0,0,0,0,0,0,0,0,0,100,0,0,0,50,50,"'-0.706","'-0.706","'-4.056","'-122.89"
,Emanuel Wilson,GB,RB,2,3,2,2,0,0,0,13,0.154,3,66.667,1,0,0,33.333,0,0,0,0,33.333,0,33.333,0,33.333,53.846,46.154,"'-1.74","'-0.58",0.068,"'-13.35"
,Treylon Burks,TEN,WR,2,3,1,2,0,0,0,43,0.047,2,50,1,0,0,33.333,0,0,0,0,33.333,0,0,0,66.667,51.163,48.837,"'-3.464","'-1.155","'-16.725","'-91.32"
,Taysom Hill,NO,TE,2,3,2,2,0,1,0,14,0.143,3,66.667,1,0,0,33.333,0,0,0,33.333,33.333,0,33.333,0,33.333,71.429,28.571,0.181,0.06,"'-18.942","'-94.95"
,Gus Edwards,LAC,RB,2,1,1,2,0,0,0,14,0.143,1,100,0,0,0,0,0,0,0,0,0,0,100,0,0,28.571,71.429,"'-0.623","'-0.623","'-4.488","'-109.63"
,Brock Wright,DET,TE,1,1,1,2,0,0,0,24,0.083,1,100,0,0,0,0,0,0,0,100,0,0,100,0,0,33.333,66.667,0.078,0.078,"'-0.912","'-16.89"
,Tyler Goodson,IND,RB,1,1,1,2,0,0,0,9,0.222,1,100,0,0,0,0,0,0,0,0,0,0,100,0,0,22.222,77.778,"'-0.364","'-0.364","'-2.804","'-61.34"
,Tyler Badie,DEN,RB,0,1,1,2,0,0,0,1,2,1,100,0,0,0,0,0,0,0,0,0,0,0,0,100,0,100,"'-0.547","'-0.547","'-4.713","'-109.01"
,Kayshon Boutte,NE,WR,1,2,1,2,0,0,0,,0,0,0,0,0,0,0,0,0,0,0,0,0,0,0,0,0,0,0,0,0,0
,Jaleel McLaughlin,DEN,RB,2,5,5,1,0,0,0,23,0.043,5,100,0,0,0,0,0,0,0,0,0,0,80,20,0,39.13,60.87,"'-6.766","'-1.353","'-38.957","'-186.41"
,Ameer Abdullah,LV,RB,1,2,2,1,0,0,0,5,0.2,2,100,0,0,0,0,0,0,0,0,0,0,100,0,0,60,40,"'-1.34","'-0.67","'-11.843","'-101.78"
,Wanya Morris,KC,T,1,1,1,1,1,1,1,1,1,1,100,0,0,0,0,0,0,0,100,0,0,0,100,0,100,0,0.701,0.701,7.578,49.65
,Juju Smith-Schuster,KC,WR,1,1,0,0,0,1,0,13,0,1,0,1,0,0,100,0,0,0,0,100,0,0,0,0,38.462,61.538,"'-0.956","'-0.956","'-5.924","'-99.57"
,Patrick Ricard,BLT,FB,1,1,0,0,0,0,0,10,0,0,0,0,0,0,0,0,0,0,0,0,0,0,0,0,60,40,"'-0.48","'-0.48","'-5.192","'-101.15"
,Johnny Wilson,PHI,WR,2,2,0,0,0,1,0,12,0,0,0,1,0,0,50,0,0,0,0,100,0,0,0,0,58.333,41.667,"'-1.92","'-0.96","'-14.876","'-101.67"
,Gerald Everett,CHI,TE,2,4,3,0,0,0,0,38,0,4,75,0,0,0,0,0,1,25,0,25,0,75,0,0,60.526,39.474,"'-2.175","'-0.544","'-15.641","'-85.17"
,Braxton Berrios,MIA,WR,2,3,0,0,0,1,0,40,0,1,0,1,0,0,33.333,0,0,0,0,100,0,0,0,0,47.5,52.5,"'-6.29","'-2.097","'-20.651","'-100.8"
,Alec Ingold,MIA,FB,2,1,0,0,0,0,0,20,0,0,0,0,0,0,0,0,0,0,0,0,0,100,0,0,45,55,"'-0.579","'-0.579","'-7.513","'-102.01"
,Jordan Matthews,CAR,TE,1,1,0,0,0,0,0,12,0,0,0,0,0,0,0,0,0,0,0,100,0,0,0,0,66.667,33.333,"'-0.582","'-0.582","'-5.778","'-94.33"
,Adam Prentice,NO,FB,1,1,0,0,0,0,0,14,0,1,0,1,0,0,100,0,0,0,0,100,0,0,0,0,42.857,57.143,"'-0.497","'-0.497","'-5.192","'-101.15"
,Bub Means,NO,WR,1,1,0,0,0,0,0,1,0,0,0,0,0,0,0,0,0,0,0,100,0,0,0,0,100,0,"'-0.554","'-0.554","'-7.03","'-100.36"
,Jalin Hyatt,NYG,WR,1,1,0,0,0,0,0,13,0,1,0,0,0,0,0,0,1,100,0,0,0,0,0,100,15.385,84.615,"'-0.5","'-0.5","'-7.239","'-103.43"
,Scott Matlock,LAC,FB,1,1,0,0,0,0,0,5,0,1,0,0,0,0,0,0,1,100,0,0,0,100,0,0,20,80,"'-0.598","'-0.598","'-5.155","'-101.26"
,Harrison Bryant,LV,TE,1,1,0,0,0,0,0,6,0,0,0,0,0,0,0,0,0,0,0,100,0,0,0,0,16.667,83.333,"'-3.384","'-3.384","'-5.76","'-98.43"
,Adam Trautman,DEN,TE,1,1,0,0,0,0,0,22,0,0,0,0,0,0,0,0,0,0,0,100,0,0,0,0,13.636,86.364,"'-0.835","'-0.835","'-2.594","'-110.63"
,Dareke Young,SEA,WR,1,1,0,0,0,0,0,1,0,0,0,0,0,0,0,0,0,0,0,0,0,100,0,0,0,100,"'-1.763","'-1.763","'-6.828","'-99.63"
,Nate Adkins,DEN,TE,1,1,0,0,0,0,0,9,0,0,0,0,0,0,0,0,0,0,0,0,0,0,0,100,11.111,88.889,"'-0.503","'-0.503","'-6.049","'-94.57"
,Brevyn Spann-Ford,DAL,TE,1,1,0,0,0,0,0,22,0,0,0,0,0,0,0,0,0,0,0,100,0,0,0,0,72.727,27.273,"'-3.338","'-3.338","'-8.558","'-109.01"
,Davis Allen,LA,TE,1,1,0,0,0,0,0,4,0,0,0,0,0,0,0,0,0,0,0,0,0,100,0,0,75,25,"'-0.509","'-0.509","'-7.041","'-95.3"
,Ronnie Rivers,LA,RB,2,1,1,0,0,0,0,5,0,1,100,0,0,0,0,0,0,0,0,0,0,0,100,0,0,100,"'-0.564","'-0.564","'-5.155","'-101.26"
,Tom Kennedy,DET,WR,1,1,0,0,0,0,0,6,0,0,0,0,0,0,0,0,0,0,0,0,0,0,0,100,0,100,"'-2.231","'-2.231","'-5.572","'-99.55"
,Eric Tomlinson,LAC,TE,1,1,0,0,0,0,0,1,0,1,0,1,0,0,100,0,1,100,0,100,0,0,0,0,0,100,"'-0.66","'-0.66","'-5.925","'-98.47"
,Troy Franklin,DEN,WR,1,1,0,0,0,0,0,6,0,0,0,0,0,0,0,0,0,0,0,100,0,0,0,0,33.333,66.667,"'-2.026","'-2.026","'-6.828","'-99.63"